{"cameraMode":{"drawMode":0,"name":"Shaded","section":"Shading Mode"},"sceneLighting":true,"audioPlay":false,"sceneViewState":{"m_AlwaysRefresh":false,"showFog":true,"showSkybox":true,"showFlares":true,"showImageEffects":true,"showParticleSystems":true,"showVisualEffectGraphs":true,"m_FxEnabled":true},"in2DMode":false,"pivot":{"x":-33.659725189208987,"y":-17.898000717163087,"z":20.662967681884767},"rotation":{"x":-0.19562242925167085,"y":0.3379345238208771,"z":-0.07202993333339691,"w":-0.9178013205528259},"size":28.63589096069336,"orthographic":false}